DISTRICT,ST_NM,ST_CEN_CD,DT_CEN_CD,censuscode,Lattitude,Longitude
Adilabad,TELANGANA,1,101,532,19.26,78.97
Agra,UTTAR PRADESH,26,2601,146,27.04,78.08
Ahmadabad,GUJARAT,7,701,474,22.71,72.2
Ahmadnagar,MAHARASHTRA,15,1501,522,19.2,74.68
Aizawl,MIZORAM,18,1801,283,23.81,92.89
Ajmer,RAJASTHAN,22,2201,119,26.24,74.8
Akola,MAHARASHTRA,15,1502,501,20.75,77.05
Alappuzha,KERALA,13,1301,598,9.42,76.45
Aligarh,UTTAR PRADESH,26,2602,143,27.93,78.08
Alirajpur,MADHYA PRADESH,14,1449,465,22.31,74.36
Allahabad,UTTAR PRADESH,26,2603,175,25.3,81.97
Almora,UTTARAKHAND,27,2701,64,29.69,79.5
Alwar,RAJASTHAN,22,2202,104,27.59,76.61
Ambala,HARYANA,8,801,70,30.33,76.95
Ambedkar Nagar,UTTAR PRADESH,26,2604,178,26.42,82.67
Amravati,MAHARASHTRA,15,1503,503,21.19,77.57
Amreli,GUJARAT,7,702,480,21.42,71.25
Amritsar,PUNJAB,21,2101,49,31.7,74.9
Anand,GUJARAT,7,703,482,22.45,72.79
Anantapur,ANDHRA PRADESH,1,102,553,14.48,77.58
Anantnag,JAMMU & KASHMIR,10,1024,14,33.82,75.36
Anjaw,ARUNACHAL PRADESH,2,216,260,28.07,96.83
Anugul,ODISHA,20,2001,384,20.99,84.91
Anuppur,MADHYA PRADESH,14,1401,461,23.06,81.68
Araria,BIHAR,4,401,209,26.2,87.35
Ariyalur,TAMIL NADU,24,2401,616,11.16,79.24
Ashoknagar,MADHYA PRADESH,14,1402,459,24.61,77.88
Auraiya,UTTAR PRADESH,26,2605,162,26.66,79.48
Aurangabad,BIHAR,4,403,235,24.79,84.41
Aurangabad,MAHARASHTRA,15,1504,515,20.02,75.27
Azamgarh,UTTAR PRADESH,26,2606,191,26.05,83.07
Badgam,JAMMU & KASHMIR,10,1002,2,33.89,74.66
Bagalkot,KARNATAKA,12,1201,556,16.22,75.63
Bageshwar,UTTARAKHAND,27,2702,63,29.99,79.86
Baghpat,UTTAR PRADESH,26,2672,139,29.06,77.31
Bahraich,UTTAR PRADESH,26,2608,180,27.74,81.45
Baksa,ASSAM,3,324,324,26.66,91.35
Balaghat,MADHYA PRADESH,14,1403,457,21.88,80.36
Balangir,ODISHA,20,2002,393,20.59,83.17
Baleshwar,ODISHA,20,2003,377,21.49,86.92
Ballia,UTTAR PRADESH,26,2610,193,25.88,84.11
Balrampur,UTTAR PRADESH,26,2609,182,27.48,82.38
Banas Kantha,GUJARAT,7,704,469,24.28,72.03
Banda,UTTAR PRADESH,26,2611,170,25.46,80.56
Bandipore,JAMMU & KASHMIR,10,1016,9,34.5,74.83
Bangalore Rural,KARNATAKA,12,1202,583,13.23,77.58
Bangalore,KARNATAKA,12,1203,572,12.95,77.6
Banka,BIHAR,4,404,225,24.85,86.84
Bankura,WEST BENGAL,28,2801,339,23.14,87.13
Banswara,RAJASTHAN,22,2203,125,23.48,74.36
Bara Banki,UTTAR PRADESH,26,2612,176,26.94,81.33
Bargarh,ODISHA,20,2004,370,21.22,83.35
Baramula,JAMMU & KASHMIR,10,1003,8,34.16,74.46
Baran,RAJASTHAN,22,2204,128,25,76.76
Barddhaman,WEST BENGAL,28,2802,335,23.43,87.77
Bareilly,UTTAR PRADESH,26,2613,150,28.45,79.42
Barmer,RAJASTHAN,22,2205,115,25.74,71.47
Barnala,PUNJAB,21,2118,54,30.4,75.5
Barpeta,ASSAM,3,301,303,26.34,91.01
Barwani,MADHYA PRADESH,14,1405,441,21.79,75.02
Bastar,CHATTISGARH,5,501,414,19.42,81.77
Basti,UTTAR PRADESH,26,2614,185,26.82,82.63
Bathinda,PUNJAB,21,2102,46,30.18,75.04
Baudh,ODISHA,20,2005,391,20.65,84.18
Begusarai,BIHAR,4,405,222,25.5,86.13
Belgaum,KARNATAKA,12,1204,555,16.12,74.82
Bellary,KARNATAKA,12,1205,565,15.11,76.53
Betul,MADHYA PRADESH,14,1404,447,21.88,77.87
Bhadrak,ODISHA,20,2006,378,20.99,86.63
Bhagalpur,BIHAR,4,406,224,25.27,87.08
Bhandara,MAHARASHTRA,15,1505,506,21.13,79.75
Bharatpur,RAJASTHAN,22,2206,105,27.25,77.28
Bharuch,GUJARAT,7,705,488,21.79,72.93
Bhavnagar,GUJARAT,7,706,481,21.67,71.84
Bhilwara,RAJASTHAN,22,2207,122,25.48,74.73
Bhind,MADHYA PRADESH,14,1406,420,26.42,78.72
Bhiwani,HARYANA,8,802,81,28.72,75.97
Bhojpur,BIHAR,4,407,231,25.47,84.54
Bhopal,MADHYA PRADESH,14,1407,444,23.48,77.4
Bid,MAHARASHTRA,15,1506,523,18.93,75.87
Bidar,KARNATAKA,12,1206,558,17.95,77.23
Bijapur,CHATTISGARH,5,1207,417,18.84,80.78
Bijapur,KARNATAKA,12,1207,557,16.79,75.95
Bijnor,UTTAR PRADESH,26,2615,134,29.39,78.4
Bikaner,RAJASTHAN,22,2208,101,28.18,73.18
Bilaspur,CHATTISGARH,5,510,406,22.35,81.96
Bilaspur,HIMACHAL PRADESH,9,912,30,31.37,76.67
Birbhum,WEST BENGAL,28,2803,334,23.95,87.67
Bishnupur,MANIPUR,16,1601,275,24.54,93.8
Bokaro,JHARKHAND,11,1101,355,23.69,85.99
Bongaigaon,ASSAM,3,302,319,26.37,90.62
Budaun,UTTAR PRADESH,26,2616,149,28.12,78.95
Bulandshahr,UTTAR PRADESH,26,2673,142,28.36,78.01
Buldana,MAHARASHTRA,15,1507,500,20.51,76.41
Bundi,RAJASTHAN,22,2209,121,25.47,75.78
Burhanpur,MADHYA PRADESH,14,1408,467,21.37,76.37
Buxar,BIHAR,4,408,232,25.49,84.1
Cachar,ASSAM,3,303,316,24.81,92.86
Central,NCT OF DELHI,33,3305,95,28.64,77.22
Chamba,HIMACHAL PRADESH,9,911,23,32.68,76.35
Chamoli,UTTARAKHAND,27,2703,57,30.5,79.58
Champawat,UTTARAKHAND,27,2704,65,29.3,80.07
Champhai,MIZORAM,18,1802,284,23.53,93.24
Chamarajanagar,KARNATAKA,12,1208,578,11.96,77.1
Chandauli,UTTAR PRADESH,26,2618,196,25.14,83.26
Chandel,MANIPUR,16,1602,280,24.24,94.09
Chandigarh,CHANDIGARH,30,3001,55,30.73,76.78
Chandrapur,MAHARASHTRA,15,1508,509,20.12,79.44
Changlang,ARUNACHAL PRADESH,2,201,253,27.36,96.35
Chatra,JHARKHAND,11,1102,347,24.17,84.89
Chennai,TAMIL NADU,24,2402,603,13.06,80.25
Chhatarpur,MADHYA PRADESH,14,1409,425,24.8,79.66
Chhindwara,MADHYA PRADESH,14,1410,455,22.12,78.86
Chikkaballapura,KARNATAKA,12,1228,582,13.58,77.84
Chikmagalur,KARNATAKA,12,1209,570,13.45,75.69
Chirang,ASSAM,3,325,320,26.64,90.62
Chitradurga,KARNATAKA,12,1210,566,14.17,76.52
Chitrakoot,UTTAR PRADESH,26,2619,171,25.21,81.09
Chittaurgarh,RAJASTHAN,22,2210,126,24.82,74.59
Chittoor,ANDHRA PRADESH,1,103,554,13.47,79.01
Churachandpur,MANIPUR,16,1603,274,24.29,93.43
Churu,RAJASTHAN,22,2211,102,28.35,74.7
Coimbatore,TAMIL NADU,24,2403,632,10.87,76.98
Cuddalore,TAMIL NADU,24,2404,617,11.53,79.45
Y.S.R.,ANDHRA PRADESH,1,104,551,14.46,78.78
Cuttack,ODISHA,20,2007,381,20.45,85.7
Dadra  andNagar Haveli,DADRA AND NAGAR HAVELI,31,3101,496,20.2,73.07
Dakshin Bastar Dantewada,CHATTISGARH,5,502,416,18.5,81.38
Dakshin Dinajpur,WEST BENGAL,28,2804,331,25.36,88.59
Dakshina Kannada,KARNATAKA,12,1211,575,12.84,75.27
Daman,DAMAN AND DIU,32,3201,495,20.41,72.85
Damoh,MADHYA PRADESH,14,1411,428,23.81,79.53
Darbhanga,BIHAR,4,409,215,26.11,86.03
Darjiling,WEST BENGAL,28,2805,327,26.91,88.39
Darrang,ASSAM,3,304,325,26.45,92.04
Data Not Available,JAMMU & KASHMIR,99,99,0,35.53,74.9
Datia,MADHYA PRADESH,14,1412,422,25.85,78.57
Davanagere,KARNATAKA,12,1212,567,14.41,75.95
Debagarh,ODISHA,20,2008,373,21.47,84.8
Dehradun,UTTARAKHAND,27,2705,60,30.46,77.97
Deoghar,JHARKHAND,11,1103,350,24.33,86.74
Deoria,UTTAR PRADESH,26,2620,190,26.42,83.84
Dewas,MADHYA PRADESH,14,1413,437,22.75,76.46
Dhalai,TRIPURA,25,2501,291,23.84,91.93
Dhamtari,CHATTISGARH,5,503,412,20.56,81.81
Dhanbad,JHARKHAND,11,1104,354,23.83,86.47
Dhar,MADHYA PRADESH,14,1414,438,22.5,75.1
Dharmapuri,TAMIL NADU,24,2405,630,12.1,78.2
Dharwad,KARNATAKA,12,1213,562,15.39,75.15
Dhaulpur,RAJASTHAN,22,2213,106,26.68,77.7
Dhemaji,ASSAM,3,305,308,27.58,94.78
Dhenkanal,ODISHA,20,2009,383,20.83,85.53
Dhubri,ASSAM,3,306,301,26.07,90.02
Dhule,MAHARASHTRA,15,1509,498,21.11,74.6
Dibang Valley,ARUNACHAL PRADESH,2,217,257,28.95,95.9
Dibrugarh,ASSAM,3,307,310,27.37,95.06
Dindigul,TAMIL NADU,24,2406,612,10.39,77.82
Dindori,MADHYA PRADESH,14,1415,453,22.89,81.06
Diu,DAMAN AND DIU,32,3202,494,20.72,70.93
Doda,JAMMU & KASHMIR,10,1004,16,33.1,75.65
Dohad,GUJARAT,7,707,485,22.86,74.12
Dumka,JHARKHAND,11,1105,362,24.32,87.27
Dungarpur,RAJASTHAN,22,2214,124,23.73,73.86
Durg,CHATTISGARH,5,504,409,21.19,81.35
Dimapur,NAGALAND,19,1901,265,25.78,93.79
East,NCT OF DELHI,33,2301,93,28.63,77.3
East District,SIKKIM,23,2301,244,27.29,88.68
East Garo Hills,MEGHALAYA,17,1701,294,25.74,90.63
East Godavari,ANDHRA PRADESH,1,105,545,17.19,82.01
East Kameng,ARUNACHAL PRADESH,2,202,247,27.44,92.97
East Khasi Hills,MEGHALAYA,17,1702,298,25.38,91.8
East Nimar,MADHYA PRADESH,14,1424,466,21.94,76.57
East Siang,ARUNACHAL PRADESH,2,203,251,28.12,95.16
Ernakulam,KERALA,13,1302,595,10.06,76.47
Erode,TAMIL NADU,24,2407,610,11.52,77.41
Etah,UTTAR PRADESH,26,2621,201,27.51,78.71
Etawah,UTTAR PRADESH,26,2622,161,26.76,79.1
Faizabad,UTTAR PRADESH,26,2623,177,26.66,81.99
Faridabad,HARYANA,8,803,88,28.33,77.35
Faridkot,PUNJAB,21,2103,45,30.61,74.78
Farrukhabad,UTTAR PRADESH,26,2674,159,27.43,79.46
Fatehabad,HARYANA,8,804,78,29.58,75.58
Fatehgarh Sahib,PUNJAB,21,2104,40,30.63,76.37
Fatehpur,UTTAR PRADESH,26,2625,172,25.87,80.81
Firozabad,UTTAR PRADESH,26,2675,147,27.18,78.54
Firozpur,PUNJAB,21,2105,43,30.56,74.4
Gadag,KARNATAKA,12,1214,561,15.43,75.67
Gajapati,ODISHA,20,2010,389,19.17,84.16
Ganderbal,JAMMU & KASHMIR,10,1017,11,34.29,75.2
Gandhinagar,GUJARAT,7,708,473,23.26,72.69
Ganganagar,RAJASTHAN,22,2215,99,29.4,73.56
Ganjam,ODISHA,20,2011,388,19.63,84.67
Gadchiroli,MAHARASHTRA,15,1510,508,19.78,80.24
Garhwa,JHARKHAND,11,1106,346,24.1,83.7
Garhwal,UTTARAKHAND,27,2708,61,29.89,78.77
Gautam Buddha Nagar,UTTAR PRADESH,26,2676,141,28.4,77.55
Gaya,BIHAR,4,410,236,24.7,84.94
Ghaziabad,UTTAR PRADESH,26,2628,140,28.74,77.71
Ghazipur,UTTAR PRADESH,26,2629,195,25.62,83.56
Giridih,JHARKHAND,11,1107,349,24.3,86.11
Goalpara,ASSAM,3,308,302,26.06,90.61
Godda,JHARKHAND,11,1108,351,24.86,87.31
Golaghat,ASSAM,3,309,313,26.46,93.83
Gonda,UTTAR PRADESH,26,2630,183,27.08,82.03
Gondiya,MAHARASHTRA,15,1511,507,21.15,80.21
Gopalganj,BIHAR,4,411,217,26.44,84.38
Gorakhpur,UTTAR PRADESH,26,2631,188,26.66,83.36
Gulbarga,KARNATAKA,12,1215,579,17.26,76.87
Gumla,JHARKHAND,11,1109,366,23.1,84.53
Guna,MADHYA PRADESH,14,1416,458,24.55,77.2
Guntur,ANDHRA PRADESH,1,106,548,16.3,80.09
Gurdaspur,PUNJAB,21,2106,35,32.02,75.39
Gurgaon,HARYANA,8,805,86,28.37,76.94
Gwalior,MADHYA PRADESH,14,1417,421,26.04,78.15
Hailakandi,ASSAM,3,310,318,24.49,92.59
Hamirpur,HIMACHAL PRADESH,9,913,28,31.67,76.53
Hamirpur,UTTAR PRADESH,26,910,168,25.73,79.88
Hanumangarh,RAJASTHAN,22,2216,100,29.27,74.55
Haora,WEST BENGAL,28,2806,341,22.53,88.07
Harda,MADHYA PRADESH,14,1418,448,22.23,77.12
Hardoi,UTTAR PRADESH,26,2633,155,27.33,80.16
Hardwar,UTTARAKHAND,27,2706,68,29.87,78
Hassan,KARNATAKA,12,1216,574,13,76.11
Mahamaya Nagar,UTTAR PRADESH,26,2646,144,27.58,78.16
Haveri,KARNATAKA,12,1217,564,14.74,75.42
Hazaribagh,JHARKHAND,11,1110,360,23.99,85.41
Hingoli,MAHARASHTRA,15,1513,512,19.62,77.12
Hisar,HARYANA,8,806,80,29.22,75.82
Hoshangabad,MADHYA PRADESH,14,1419,449,22.59,77.99
Hoshiarpur,PUNJAB,21,2107,38,31.63,75.86
Hugli,WEST BENGAL,28,2807,338,22.88,88.08
Hyderabad,TELANGANA,1,107,536,17.39,78.47
Idukki,KERALA,13,1303,596,9.88,77.03
Imphal East,MANIPUR,16,1604,278,24.82,93.94
Imphal West,MANIPUR,16,1605,277,24.68,93.15
Indore,MADHYA PRADESH,14,1420,439,22.71,75.78
Jabalpur,MADHYA PRADESH,14,1421,451,23.23,79.98
Jagatsinghapur,ODISHA,20,2012,380,20.22,86.34
Jaintia Hills,MEGHALAYA,17,1703,299,25.37,92.38
Jaipur,RAJASTHAN,22,2217,110,26.98,75.72
Jaisalmer,RAJASTHAN,22,2218,114,27.08,70.9
Jajapur,ODISHA,20,2013,382,20.86,86.15
Jalandhar,PUNJAB,21,2108,37,31.21,75.57
Jalaun,UTTAR PRADESH,26,2634,165,26.09,79.39
Jalgaon,MAHARASHTRA,15,1514,499,20.94,75.49
Jalna,MAHARASHTRA,15,1515,514,19.82,75.98
Jalor,RAJASTHAN,22,2219,116,25.1,72.21
Jalpaiguri,WEST BENGAL,28,2808,328,26.66,89.08
Jammu,JAMMU & KASHMIR,10,1005,21,32.76,74.79
Jamnagar,GUJARAT,7,709,477,22.25,69.92
Jamtara,JHARKHAND,11,1111,363,23.98,86.92
Jamui,BIHAR,4,413,238,24.78,86.3
Janjgir-champa,CHATTISGARH,5,520,405,21.93,82.74
Jashpur,CHATTISGARH,5,512,402,22.8,83.87
Jaunpur,UTTAR PRADESH,26,2635,194,25.75,82.58
Jhabua,MADHYA PRADESH,14,1422,464,22.89,74.67
Jhajjar,HARYANA,8,807,83,28.6,76.65
Jhalawar,RAJASTHAN,22,2220,129,24.33,76.2
Jhansi,UTTAR PRADESH,26,2636,166,25.51,78.95
Jharsuguda,ODISHA,20,2014,371,21.81,83.95
Jhunjhunun,RAJASTHAN,22,2221,103,28.09,75.55
Jodhpur,RAJASTHAN,22,2222,113,26.75,72.79
Jorhat,ASSAM,3,311,312,26.79,94.26
Junagadh,GUJARAT,7,710,479,21.22,70.55
Jyotiba Phule Nagar,UTTAR PRADESH,26,2637,137,28.81,78.33
Kachchh,GUJARAT,7,711,468,23.63,70
Kaimur (Bhabua),BIHAR,4,439,233,24.99,83.61
Kaithal,HARYANA,8,809,73,29.81,76.42
Kalahandi,ODISHA,20,2015,395,19.87,83.11
Kamrup,ASSAM,3,326,321,26.12,91.41
Kamrup Metropolitan,ASSAM,3,313,322,26.09,91.82
Kancheepuram,TAMIL NADU,24,2408,604,12.7,79.95
Kandhamal,ODISHA,20,2016,390,20.13,84.05
Kangra,HIMACHAL PRADESH,9,909,24,32.11,76.32
Uttar Bastar Kanker,CHATTISGARH,5,508,413,20.15,81.13
Kannauj,UTTAR PRADESH,26,2638,160,27.01,79.69
Kanniyakumari,TAMIL NADU,24,2409,629,8.31,77.36
Kannur,KERALA,13,1304,589,12,75.53
Kanpur Dehat,UTTAR PRADESH,26,2639,163,26.44,79.86
Kanpur Nagar,UTTAR PRADESH,26,2640,164,26.38,80.22
Kanshiram Nagar,UTTAR PRADESH,26,2678,202,27.78,78.85
Kapurthala,PUNJAB,21,2109,36,31.37,75.32
Karbi Anglong,ASSAM,3,312,314,26.16,93.41
Kargil,JAMMU & KASHMIR,10,1006,4,33.97,76.48
Karimganj,ASSAM,3,314,317,24.58,92.38
Karimnagar,TELANGANA,1,108,534,18.55,79.24
Karnal,HARYANA,8,810,74,29.69,76.88
Karur,TAMIL NADU,24,2410,613,10.84,78.13
Kasaragod,KERALA,13,1305,588,12.46,75.15
Kathua,JAMMU & KASHMIR,10,1007,7,32.57,75.59
Katihar,BIHAR,4,415,212,25.55,87.64
Katni,MADHYA PRADESH,14,1423,450,23.75,80.4
Kaushambi,UTTAR PRADESH,26,2641,174,25.49,81.45
Kendrapara,ODISHA,20,2017,379,20.55,86.61
Kendujhar,ODISHA,20,2018,375,21.54,85.71
Khagaria,BIHAR,4,416,223,25.51,86.6
Khammam,TELANGANA,1,109,541,17.6,80.69
Kheda,GUJARAT,7,712,483,22.88,73.02
Kheri,UTTAR PRADESH,26,2642,153,28.12,80.67
Khordha,ODISHA,20,2019,386,20.99,84.91
Khunti,JHARKHAND,11,1123,365,23,85.27
Kinnaur,HIMACHAL PRADESH,9,908,34,31.6,78.41
Kiphire,NAGALAND,19,1902,269,25.84,94.83
Kishanganj,BIHAR,4,417,210,26.3,87.94
Kishtwar,JAMMU & KASHMIR,10,1018,18,33.53,76.01
Koch Bihar,WEST BENGAL,28,2809,329,26.29,89.35
Kodagu,KARNATAKA,12,1218,576,12.32,75.8
Koderma,JHARKHAND,11,1112,348,24.44,85.6
Kohima,NAGALAND,19,1903,270,25.78,94.13
Kokrajhar,ASSAM,3,315,300,26.51,90.13
Kolar,KARNATAKA,12,1219,581,13.14,78.22
Kolasib,MIZORAM,18,1803,282,24.2,92.73
Kolhapur,MAHARASHTRA,15,1516,530,16.47,74.16
Kolkata,WEST BENGAL,28,2810,342,22.56,88.36
Kollam,KERALA,13,1306,600,8.96,76.87
Koppal,KARNATAKA,12,1220,560,15.56,76.22
Koraput,ODISHA,20,2020,398,18.82,82.72
Korba,CHATTISGARH,5,513,404,22.53,82.61
Koriya,CHATTISGARH,5,514,400,23.47,82.24
Kota,RAJASTHAN,22,2224,127,25.12,76.13
Kottayam,KERALA,13,1307,597,9.64,76.65
Kozhikode,KERALA,13,1308,591,11.48,75.83
Krishna,ANDHRA PRADESH,1,110,547,16.56,80.8
Krishnagiri,TAMIL NADU,24,2411,631,12.49,78.03
Kulgam,JAMMU & KASHMIR,10,1019,15,33.59,74.86
Kullu,HIMACHAL PRADESH,9,907,26,31.9,77.4
Kupwara,JAMMU & KASHMIR,10,1008,1,34.53,74.27
Kurnool,ANDHRA PRADESH,1,111,552,15.53,78.01
Kurukshetra,HARYANA,8,811,72,30.05,76.79
Kurung Kumey,ARUNACHAL PRADESH,2,204,256,28,93.39
Kushinagar,UTTAR PRADESH,26,2643,189,26.86,83.93
Lahul & Spiti,HIMACHAL PRADESH,9,906,25,32.48,77.62
Lakhimpur,ASSAM,3,316,307,27.17,94.13
Lakhisarai,BIHAR,4,418,227,25.16,86.13
Lalitpur,UTTAR PRADESH,26,2679,167,24.65,78.56
Latehar,JHARKHAND,11,1113,359,23.72,84.44
Latur,MAHARASHTRA,15,1517,524,18.36,76.78
Lawngtlai,MIZORAM,18,1804,287,22.38,92.71
Leh(Ladakh),JAMMU & KASHMIR,10,1009,3,34.34,78.44
Lohardaga,JHARKHAND,11,1114,356,23.48,84.67
Lohit,ARUNACHAL PRADESH,2,205,259,27.84,96.2
Longleng,NAGALAND,19,1904,268,26.56,94.8
Lower Dibang Valley,ARUNACHAL PRADESH,2,206,258,28.37,95.88
Lower Subansiri,ARUNACHAL PRADESH,2,207,255,27.63,93.94
Lucknow,UTTAR PRADESH,26,2645,157,26.84,80.91
Ludhiana,PUNJAB,21,2110,41,30.81,75.84
Lunglei,MIZORAM,18,1805,286,22.97,92.72
Madhepura,BIHAR,4,419,213,25.83,86.9
Madhubani,BIHAR,4,420,207,26.41,86.22
Madurai,TAMIL NADU,24,2412,623,9.92,78.01
Mahrajganj,UTTAR PRADESH,26,2680,187,27.2,83.53
Mahasamund,CHATTISGARH,5,515,411,21.21,82.61
Mahbubnagar,TELANGANA,1,112,538,16.5,78.15
Mahe,PUDUCHERRY,35,3502,636,11.73,75.54
Mahendragarh,HARYANA,8,812,84,28.17,76.14
Mahesana,GUJARAT,7,727,471,23.61,72.46
Mahoba,UTTAR PRADESH,26,2648,169,25.35,79.7
Mainpuri,UTTAR PRADESH,26,2649,148,27.18,79.06
Malappuram,KERALA,13,1309,592,11.13,76.16
Maldah,WEST BENGAL,28,2811,332,25.14,88.09
Malkangiri,ODISHA,20,2021,399,18.26,81.96
Mamit,MIZORAM,18,1806,281,23.75,92.47
Mandi,HIMACHAL PRADESH,9,905,27,31.64,76.99
Mandla,MADHYA PRADESH,14,1426,454,22.64,80.51
Mandsaur,MADHYA PRADESH,14,1427,433,24.21,75.41
Mandya,KARNATAKA,12,1221,573,12.61,76.8
Mansa,PUNJAB,21,2111,47,29.91,75.44
Morigaon,ASSAM,3,317,304,26.28,92.28
Mathura,UTTAR PRADESH,26,2650,145,27.6,77.63
Mau,UTTAR PRADESH,26,2681,192,26.04,83.56
Mayurbhanj,ODISHA,20,2022,376,21.9,86.41
Medak,TELANGANA,1,113,535,17.89,78.22
Meerut,UTTAR PRADESH,26,2652,138,29.04,77.79
Mewat,HARYANA,8,820,87,27.98,77.05
Mirzapur,UTTAR PRADESH,26,2653,199,24.99,82.62
Moga,PUNJAB,21,2112,42,30.77,75.17
Mokokchung,NAGALAND,19,1905,262,26.47,94.53
Mon,NAGALAND,19,1906,261,26.73,95.02
Moradabad,UTTAR PRADESH,26,2654,135,28.78,78.71
Morena,MADHYA PRADESH,14,1428,419,26.41,77.87
Muktsar,PUNJAB,21,2113,44,30.29,74.54
Mumbai,MAHARASHTRA,15,1512,519,18.96,72.85
Mumbai Suburban,MAHARASHTRA,15,1518,518,19.13,72.89
Munger,BIHAR,4,421,226,25.21,86.53
Murshidabad,WEST BENGAL,28,2814,333,24.16,88.23
Muzaffarnagar,UTTAR PRADESH,26,2655,133,29.44,77.59
Muzaffarpur,BIHAR,4,422,216,26.15,85.33
Mysore,KARNATAKA,12,1222,577,12.21,76.44
Nabarangapur,ODISHA,20,2030,397,19.59,82.34
Nadia,WEST BENGAL,28,2815,336,23.48,88.52
Nagaon,ASSAM,3,318,305,26.22,92.84
Nagaur,RAJASTHAN,22,2225,112,27.06,74.19
Nagpur,MAHARASHTRA,15,1519,505,21.18,79.09
Nainital,UTTARAKHAND,27,2707,66,29.31,79.45
Nalanda,BIHAR,4,423,229,25.22,85.46
Nalbari,ASSAM,3,319,323,26.37,91.39
Nalgonda,TELANGANA,1,114,539,17.07,79.29
Namakkal,TAMIL NADU,24,2414,609,11.32,78.14
Nanded,MAHARASHTRA,15,1520,511,19.12,77.62
Nandurbar,MAHARASHTRA,15,1521,497,21.55,74.22
Narayanpur,CHATTISGARH,5,505,415,19.6,81.08
Narmada,GUJARAT,7,714,487,21.74,73.65
Narsimhapur,MADHYA PRADESH,14,1429,452,22.93,79.09
Nashik,MAHARASHTRA,15,1522,516,20.26,74.07
Navsari,GUJARAT,7,715,490,20.82,73.09
Nawada,BIHAR,4,424,237,24.81,85.59
Nayagarh,ODISHA,20,2023,385,20.21,85
Neemuch,MADHYA PRADESH,14,1430,432,24.61,75.14
Sri Potti Sriramulu Nellore,ANDHRA PRADESH,1,115,550,14.43,79.73
New Delhi,NCT OF DELHI,33,3303,94,28.61,77.21
Nizamabad,TELANGANA,1,116,533,18.53,78.14
North,NCT OF DELHI,33,2302,91,28.71,77.21
North  District,SIKKIM,23,2302,241,27.74,88.53
North Twenty Four Parganas,WEST BENGAL,28,2816,337,22.79,88.7
Dima Hasao,ASSAM,3,328,315,25.38,93.03
North East,NCT OF DELHI,33,3306,92,28.71,77.27
North Goa,GOA,6,601,585,15.55,73.98
North Tripura,TRIPURA,25,2502,292,24.13,92.16
North West,NCT OF DELHI,33,3307,90,28.77,77.09
Nuapada,ODISHA,20,2025,394,20.47,82.58
Osmanabad,MAHARASHTRA,15,1523,525,18.19,76.04
Pakur,JHARKHAND,11,1115,353,24.56,87.66
Palakkad,KERALA,13,1310,593,10.79,76.56
Palamu,JHARKHAND,11,1116,358,24.2,84.17
Pali,RAJASTHAN,22,2226,118,25.71,73.52
Palwal,HARYANA,8,821,89,28.05,77.32
Panch Mahals,GUJARAT,7,716,484,22.9,73.66
Panchkula,HARYANA,8,813,69,30.69,76.98
Panipat,HARYANA,8,814,75,29.33,76.93
Panna,MADHYA PRADESH,14,1431,426,24.42,80.19
Papum Pare,ARUNACHAL PRADESH,2,208,248,27.29,93.6
Parbhani,MAHARASHTRA,15,1524,513,19.29,76.68
Pashchim Champaran,BIHAR,4,425,203,27.08,84.34
Paschim Medinipur,WEST BENGAL,28,2813,344,22.41,87.27
Pashchimi Singhbhum,JHARKHAND,11,1117,368,22.42,85.52
Patan,GUJARAT,7,717,470,23.77,71.75
Pathanamthitta,KERALA,13,1311,599,9.28,76.93
Patiala,PUNJAB,21,2115,48,30.28,76.36
Patna,BIHAR,4,426,230,25.46,85.22
Perambalur,TAMIL NADU,24,2415,615,11.27,78.89
Peren,NAGALAND,19,1907,271,25.5,93.62
Phek,NAGALAND,19,1908,266,25.66,94.53
Pilibhit,UTTAR PRADESH,26,2656,151,28.54,79.96
Pithoragarh,UTTARAKHAND,27,2709,62,30.11,80.35
Porbandar,GUJARAT,7,718,478,21.65,69.78
Prakasam,ANDHRA PRADESH,1,117,549,15.62,79.52
Pratapgarh,RAJASTHAN,22,2657,131,24.03,74.68
Pratapgarh,UTTAR PRADESH,26,2657,173,25.87,81.83
Pudukkottai,TAMIL NADU,24,2416,621,10.36,78.88
Pulwama,JAMMU & KASHMIR,10,1010,12,33.93,75.04
Punch,JAMMU & KASHMIR,10,1011,5,33.7,74.2
Pune,MAHARASHTRA,15,1525,521,18.57,74.07
Purba Champaran,BIHAR,4,427,204,26.62,84.92
Purba Medinipur,WEST BENGAL,28,2812,345,22.02,87.77
Purbi Singhbhum,JHARKHAND,11,1118,357,22.58,86.45
Puri,ODISHA,20,2024,387,19.88,85.72
Purnia,BIHAR,4,428,211,25.82,87.41
Puruliya,WEST BENGAL,28,2817,340,23.28,86.42
Rae Bareli,UTTAR PRADESH,26,2658,158,26.23,81.23
Raichur,KARNATAKA,12,1223,559,16.09,76.89
Raigarhh,CHATTISGARH,5,516,403,22.09,83.31
Raigarh,MAHARASHTRA,15,1526,520,18.52,73.21
Raipur,CHATTISGARH,5,519,410,21.07,82.17
Raisen,MADHYA PRADESH,14,1432,446,23.22,78.12
Rajouri,JAMMU & KASHMIR,10,1025,6,33.31,74.4
Rajgarh,MADHYA PRADESH,14,1433,442,23.86,76.73
Rajkot,GUJARAT,7,719,476,22.26,70.77
Rajnandgaon,CHATTISGARH,5,507,408,21.04,80.82
Rajsamand,RAJASTHAN,22,2227,123,25.19,73.88
Ramanagara,KARNATAKA,12,1229,584,12.68,77.34
Ramanathapuram,TAMIL NADU,24,2417,626,9.44,78.67
Ramban,JAMMU & KASHMIR,10,1020,17,33.32,75.19
Ramgarh,JHARKHAND,11,1124,361,23.63,85.56
Rampur,UTTAR PRADESH,26,2659,136,28.8,79.11
Ranchi,JHARKHAND,11,1119,364,23.33,85.37
Rangareddy,ANDHRA PRADESH,1,118,537,17.29,78.18
Ratlam,MADHYA PRADESH,14,1434,434,23.5,75.09
Ratnagiri,MAHARASHTRA,15,1527,528,17.27,73.46
Rayagada,ODISHA,20,2026,396,19.36,83.51
Reasi,JAMMU & KASHMIR,10,1021,20,33.21,74.82
Rewa,MADHYA PRADESH,14,1435,430,24.76,81.59
Rewari,HARYANA,8,815,85,28.24,76.54
Ribhoi,MEGHALAYA,17,1704,297,25.87,91.89
Rohtak,HARYANA,8,816,82,28.91,76.53
Rohtas,BIHAR,4,429,234,24.98,84.03
Rudraprayag,UTTARAKHAND,27,2710,58,30.53,79.06
Rupnagar,PUNJAB,21,2116,51,31.06,76.49
Sabar Kantha,GUJARAT,7,720,472,23.66,73.16
Sagar,MADHYA PRADESH,14,1436,427,23.85,78.76
Saharanpur,UTTAR PRADESH,26,2660,132,29.95,77.55
Saharsa,BIHAR,4,430,214,25.82,86.59
Sahibganj,JHARKHAND,11,1120,352,25.01,87.68
Sahibzada Ajit Singh Nagar,PUNJAB,21,2119,52,30.68,76.74
Saiha,MIZORAM,18,1807,288,22.38,93.01
Salem,TAMIL NADU,24,2418,608,11.67,78.22
Samastipur,BIHAR,4,431,221,25.78,85.9
Samba,JAMMU & KASHMIR,10,1022,22,32.58,75.11
Sambalpur,ODISHA,20,2027,372,21.45,84.28
Sangli,MAHARASHTRA,15,1528,531,17.11,74.77
Sangrur,PUNJAB,21,2117,53,30.21,75.87
Sant Kabir Nagar,UTTAR PRADESH,26,2661,186,26.79,83.03
Sant Ravidas Nagar (Bhadohi),UTTAR PRADESH,26,2662,198,25.35,82.46
Seraikela - Kharsawan,JHARKHAND,11,1121,369,22.84,85.95
Saran,BIHAR,4,432,219,25.9,84.83
Satara,MAHARASHTRA,15,1529,527,17.67,74.17
Satna,MADHYA PRADESH,14,1437,429,24.53,80.83
Sehore,MADHYA PRADESH,14,1438,445,22.99,77.13
Senapati,MANIPUR,16,1606,272,25.2,94.04
Seoni,MADHYA PRADESH,14,1439,456,22.32,79.69
Serchhip,MIZORAM,18,1808,285,23.27,92.96
Shahdol,MADHYA PRADESH,14,1440,460,23.63,81.47
Shahid Bhagat Singh Nagar,PUNJAB,21,2114,39,31.11,76.16
Shahjahanpur,UTTAR PRADESH,26,2663,152,27.98,79.84
Shajapur,MADHYA PRADESH,14,1441,436,23.58,76.35
Sheikhpura,BIHAR,4,433,228,25.13,85.83
Sheohar,BIHAR,4,434,205,26.53,85.29
Sheopur,MADHYA PRADESH,14,1442,418,25.75,77.01
Shimla,HIMACHAL PRADESH,9,904,33,31.2,77.63
Shimoga,KARNATAKA,12,1224,568,14.04,75.22
Shivpuri,MADHYA PRADESH,14,1443,423,25.36,77.81
Shrawasti,UTTAR PRADESH,26,2664,181,27.65,81.88
Shupiyan,JAMMU & KASHMIR,10,1023,13,33.73,74.82
Sivasagar,ASSAM,3,321,311,27.01,94.82
Siddharthnagar,UTTAR PRADESH,26,2665,184,27.27,82.87
Sidhi,MADHYA PRADESH,14,1450,462,24.22,81.84
Sikar,RAJASTHAN,22,2229,111,27.64,75.29
Simdega,JHARKHAND,11,1122,367,22.58,84.57
Sindhudurg,MAHARASHTRA,15,1530,529,16.13,73.74
Singrauli,MADHYA PRADESH,14,1444,463,24.22,82.42
Sirmaur,HIMACHAL PRADESH,9,903,32,30.67,77.43
Sirohi,RAJASTHAN,22,2230,117,24.76,72.78
Sirsa,HARYANA,8,817,79,29.61,74.9
Sitamarhi,BIHAR,4,435,206,26.58,85.54
Sitapur,UTTAR PRADESH,26,2666,154,27.52,80.86
Sivaganga,TAMIL NADU,24,2419,622,9.92,78.6
Siwan,BIHAR,4,436,218,26.16,84.39
Solan,HIMACHAL PRADESH,9,902,31,31.04,76.91
Solapur,MAHARASHTRA,15,1531,526,17.79,75.48
Subarnapur,ODISHA,20,2028,392,20.93,83.82
Sonbhadra,UTTAR PRADESH,26,2667,200,24.4,83.05
Sonipat,HARYANA,8,818,76,29.06,76.88
Sonitpur,ASSAM,3,322,306,26.78,92.94
South,NCT OF DELHI,33,2303,98,28.5,77.23
South District,SIKKIM,23,2303,243,27.29,88.39
South Twenty Four Parganas,WEST BENGAL,28,2818,343,22.23,88.42
South Garo Hills,MEGHALAYA,17,1705,295,25.3,90.59
South Goa,GOA,6,602,586,15.2,74.12
South Tripura,TRIPURA,25,2503,290,23.37,91.61
South West,NCT OF DELHI,33,3308,97,28.57,77.03
Srikakulam,ANDHRA PRADESH,1,119,542,18.58,83.99
Srinagar,JAMMU & KASHMIR,10,1013,10,34.18,74.91
Sultanpur,UTTAR PRADESH,26,2668,179,26.27,82.02
Sundargarh,ODISHA,20,2029,374,22.08,84.51
Supaul,BIHAR,4,437,208,26.25,86.8
Surat,GUJARAT,7,721,492,21.27,73.07
Surendranagar,GUJARAT,7,722,475,22.8,71.54
Surguja,CHATTISGARH,5,509,401,23.36,83.22
Tamenglong,MANIPUR,16,1607,273,24.95,93.53
Tarn Taran,PUNJAB,21,2120,50,31.34,74.84
Tawang,ARUNACHAL PRADESH,2,209,245,27.66,91.95
Tehri Garhwal,UTTARAKHAND,27,2711,59,30.44,78.54
Thane,MAHARASHTRA,15,1532,517,19.6,73.15
Thanjavur,TAMIL NADU,24,2420,620,10.67,79.24
The Dangs,GUJARAT,7,723,489,20.8,73.7
The Nilgiris,TAMIL NADU,24,2421,611,11.46,76.64
Theni,TAMIL NADU,24,2422,624,9.89,77.44
Thiruvallur,TAMIL NADU,24,2423,602,13.24,79.94
Thiruvananthapuram,KERALA,13,1312,601,8.61,77.02
Thiruvarur,TAMIL NADU,24,2424,619,10.68,79.54
Thoothukkudi,TAMIL NADU,24,2428,627,8.89,78
Thoubal,MANIPUR,16,1608,276,24.53,93.97
Thrissur,KERALA,13,1313,594,10.47,76.32
Tikamgarh,MADHYA PRADESH,14,1445,424,24.99,78.95
Tinsukia,ASSAM,3,323,309,27.58,95.63
Tirap,ARUNACHAL PRADESH,2,210,254,26.95,95.44
Tiruchirappalli,TAMIL NADU,24,2425,614,10.89,78.57
Tirunelveli,TAMIL NADU,24,2426,628,8.8,77.54
Tiruppur,TAMIL NADU,24,2432,633,10.84,77.41
Tiruvannamalai,TAMIL NADU,24,2427,606,12.43,79.17
Tonk,RAJASTHAN,22,2231,120,26.15,75.67
Tuensang,NAGALAND,19,1909,267,26.2,94.91
Tumkur,KARNATAKA,12,1225,571,13.43,76.9
Udaipur,RAJASTHAN,22,2232,130,24.41,73.71
Udalguri,ASSAM,3,327,326,26.73,92.04
Udhampur,JAMMU & KASHMIR,10,1014,19,32.89,75.33
Udham Singh Nagar,UTTARAKHAND,27,2712,67,29.03,79.52
Udupi,KARNATAKA,12,1226,569,13.47,74.88
Ujjain,MADHYA PRADESH,14,1446,435,23.33,75.67
Ukhrul,MANIPUR,16,1609,279,25.02,94.43
Umaria,MADHYA PRADESH,14,1447,431,23.56,80.97
Una,HIMACHAL PRADESH,9,901,29,31.58,76.21
Unnao,UTTAR PRADESH,26,2669,156,26.61,80.56
Upper Siang,ARUNACHAL PRADESH,2,212,252,28.83,94.92
Upper Subansiri,ARUNACHAL PRADESH,2,213,249,28.29,93.94
Uttar Dinajpur,WEST BENGAL,28,2819,330,25.88,88.16
Uttara Kannada,KARNATAKA,12,1227,563,14.79,74.62
Uttarkashi,UTTARAKHAND,27,2713,56,30.97,78.6
Vadodara,GUJARAT,7,724,486,22.23,73.53
Vaishali,BIHAR,4,438,220,25.76,85.37
Valsad,GUJARAT,7,725,491,20.42,73.11
Varanasi,UTTAR PRADESH,26,2670,197,25.39,82.92
Vellore,TAMIL NADU,24,2429,605,12.81,79.01
Vidisha,MADHYA PRADESH,14,1448,443,23.89,77.81
Viluppuram,TAMIL NADU,24,2430,607,11.97,79.3
Virudhunagar,TAMIL NADU,24,2431,625,9.49,77.91
Visakhapatnam,ANDHRA PRADESH,1,120,544,17.89,82.69
Vizianagaram,ANDHRA PRADESH,1,121,543,18.47,83.38
Warangal,TELANGANA,1,122,540,17.96,79.8
Wardha,MAHARASHTRA,15,1533,504,20.8,78.59
Washim,MAHARASHTRA,15,1534,502,20.24,77.22
Wayanad,KERALA,13,1314,590,11.71,76.1
West,NCT OF DELHI,33,2304,96,28.66,77.07
West District,SIKKIM,23,2304,242,27.35,88.18
West Garo Hills,MEGHALAYA,17,1706,293,25.59,90.14
West Godavari,ANDHRA PRADESH,1,123,546,16.89,81.4
West Kameng,ARUNACHAL PRADESH,2,214,246,27.3,92.41
West Khasi Hills,MEGHALAYA,17,1707,296,25.53,91.26
Khargone (West Nimar),MADHYA PRADESH,14,1425,440,21.92,75.77
West Siang,ARUNACHAL PRADESH,2,215,250,28.32,94.51
West Tripura,TRIPURA,25,2504,289,23.8,91.46
Wokha,NAGALAND,19,1910,264,26.18,94.19
Yadgir,KARNATAKA,12,1230,580,16.63,76.91
Yavatmal,MAHARASHTRA,15,1535,510,20.08,78.16
Zunheboto,NAGALAND,19,1911,263,26.03,94.53
Kabeerdham,CHATTISGARH,5,518,407,22.09,81.22
Yamunanagar,HARYANA,8,819,71,30.24,77.3
Jind,HARYANA,8,808,77,29.44,76.3
Dausa,RAJASTHAN,22,2212,109,26.86,76.51
Karauli,RAJASTHAN,22,2223,107,26.52,76.96
Sawai Madhopur,RAJASTHAN,22,2228,108,26.22,76.47
Arwal,BIHAR,4,402,240,25.16,84.69
Jehanabad,BIHAR,4,412,239,25.16,85.03
Nagapattinam,TAMIL NADU,24,2413,618,10.58,79.76
Karaikal,PUDUCHERRY,35,3501,637,10.93,79.8
Puducherry,PUDUCHERRY,35,3503,635,11.93,79.76
Yanam,PUDUCHERRY,35,3504,634,16.73,82.25
Tapi,GUJARAT,7,726,493,21.19,73.63
Nicobars,ANDAMAN & NICOBAR ISLANDS,29,2902,638,7.03,93.81
South Andaman,ANDAMAN & NICOBAR ISLANDS,29,2901,640,11.85,92.67
North  & Middle Andaman,ANDAMAN & NICOBAR ISLANDS,29,2903,639,12.6,92.83
Lakshadweep,LAKSHADWEEP,34,3401,587,11.28,74.04
